City_ID,City,Lat,Lng,Max Temp,Humidity,Cloudiness,Wind Speed,Country,Date
0,adamstown,-25.066,-130.1015,24.92,92,100,14.03,PN,1707456655
1,chernyshevskiy,63.0128,112.4714,-27.53,96,99,0.79,RU,1707456655
2,port-aux-francais,-49.35,70.2167,5.8,81,99,12.14,TF,1707456655
3,ilulissat,69.2167,-51.1,-17.99,65,73,10.8,GL,1707456655
4,weno,7.4515,151.8468,28.97,74,100,3.6,FM,1707456655
5,vorgashor,67.5833,63.95,-7.38,85,100,5.06,RU,1707456655
6,niafunke,15.9322,-3.9906,19.49,11,100,4.31,ML,1707456655
7,waitangi,-43.9535,-176.5597,16.01,56,12,0.89,NZ,1707456655
8,bodo,67.28,14.405,-1.98,64,75,7.2,NO,1707456655
9,tiksi,71.6872,128.8694,-25.93,100,100,1.71,RU,1707456655
10,edinburgh of the seven seas,-37.0676,-12.3116,18.94,83,56,9.09,SH,1707456656
11,bethel,41.3712,-73.414,3.21,80,0,0.0,US,1707456656
12,alipur,29.3846,70.9116,22.14,18,0,2.7,PK,1707456656
13,longyearbyen,78.2186,15.6401,-12.09,72,20,6.17,SJ,1707456656
14,puerto ayora,-0.7393,-90.3518,25.86,94,51,1.34,EC,1707456656
15,gizo,-8.103,156.8419,26.96,88,100,6.71,SB,1707456656
16,valle del guamuez,0.4525,-76.9192,21.39,98,61,1.01,CO,1707456656
17,coahuayana de hidalgo,18.7,-103.6583,21.16,85,25,1.19,MX,1707456656
18,vilyuchinsk,52.9306,158.4028,-5.85,77,75,0.94,RU,1707456423
19,greymouth,-42.4667,171.2,16.24,69,3,2.79,NZ,1707456657
20,floro,61.5996,5.0328,-5.02,80,0,2.57,NO,1707456657
21,turochak,52.2576,87.1224,0.17,90,100,1.75,RU,1707456657
22,margaret river,-33.95,115.0667,28.5,46,0,3.33,AU,1707456657
23,saipan,15.1355,145.701,29.39,65,20,6.17,MP,1707456657
24,lundazi,-12.2929,33.1782,23.2,73,90,2.08,ZM,1707456657
25,west island,-12.1568,96.8225,30.99,70,40,6.17,CC,1707456657
26,opuwo,-18.0607,13.84,22.48,62,99,0.77,NA,1707456657
27,al jawf,29.5,38.75,14.7,41,54,5.28,SA,1707456657
28,alice springs,-23.7,133.8833,35.68,20,57,6.69,AU,1707456657
29,port mathurin,-19.6833,63.4167,27.0,74,92,10.18,MU,1707456657
30,aasiaat,68.7098,-52.8699,-26.64,98,86,5.9,GL,1707456658
31,papatowai,-46.5619,169.4708,13.5,65,100,0.82,NZ,1707456658
32,albany,42.6001,-73.9662,5.23,62,98,0.89,US,1707456601
33,port lincoln,-34.7333,135.8667,21.46,58,3,7.64,AU,1707456658
34,iqaluit,63.7506,-68.5145,-22.15,64,75,6.17,CA,1707456658
35,grytviken,-54.2811,-36.5092,4.84,95,96,5.37,GS,1707456658
36,bisbee,31.4482,-109.9284,5.17,69,50,3.13,US,1707456658
37,atamyrat,37.8357,65.2106,16.64,23,26,10.8,TM,1707456658
38,ciudad bolivar,8.1222,-63.5497,26.46,68,66,5.18,VE,1707456658
39,qaqortoq,60.7167,-46.0333,-21.18,72,18,3.09,GL,1707456658
40,gubkinskiy,64.434,76.5026,-11.28,96,100,4.22,RU,1707456659
41,puerto natales,-51.7236,-72.4875,10.44,89,100,4.53,CL,1707456659
42,mabaruma,8.2,-59.7833,22.79,94,66,1.01,GY,1707456659
43,karratha,-20.7377,116.8463,34.74,39,0,6.06,AU,1707456659
44,bilibino,68.0546,166.4372,-25.88,98,100,0.69,RU,1707456659
45,yellowknife,62.456,-114.3525,-17.55,97,100,2.06,CA,1707456599
46,cidreira,-30.1811,-50.2056,24.1,93,9,6.0,BR,1707456659
47,udachny,66.4167,112.4,-30.31,74,99,1.15,RU,1707456659
48,mitchell,43.7094,-98.0298,1.99,75,100,6.69,US,1707456602
49,saint-philippe,-21.3585,55.7679,27.77,83,100,7.18,RE,1707456659
50,olonkinbyen,70.9221,-8.7187,-3.01,59,7,4.54,SJ,1707456659
51,hassi messaoud,31.6804,6.0729,8.92,31,0,2.06,DZ,1707456659
52,tazovsky,67.4667,78.7,-20.78,99,99,4.62,RU,1707456660
53,qorveh,35.1664,47.8045,1.99,67,30,2.39,IR,1707456660
54,itoman,26.1247,127.6694,17.43,77,75,8.75,JP,1707456660
55,vorkuta,67.5,64.0,-7.73,87,100,4.63,RU,1707456660
56,port elizabeth,-33.918,25.5701,20.61,78,100,4.12,ZA,1707456660
57,jertih,5.7336,102.4897,29.81,59,34,3.88,MY,1707456660
58,aberdeen,57.1437,-2.0981,4.27,75,75,8.23,GB,1707456605
59,la tuque,47.4334,-72.7824,-1.86,80,100,1.03,CA,1707456660
60,nova vicosa,-17.8919,-39.3719,23.67,83,100,4.35,BR,1707456661
61,pisco,-13.7,-76.2167,24.03,88,100,4.63,PE,1707456661
62,rio preto da eva,-2.6994,-59.6997,24.38,92,92,0.59,BR,1707456661
63,pionerskiy,54.9508,20.2275,0.08,77,22,2.15,RU,1707456661
64,sao joao do piaui,-8.3581,-42.2467,23.79,71,49,0.31,BR,1707456661
65,tindouf,27.6711,-8.1474,13.25,16,0,5.14,DZ,1707456661
66,naifaru,5.4444,73.3657,27.25,72,67,5.52,MV,1707456661
67,ribeira grande,38.5167,-28.7,14.87,81,100,1.79,PT,1707456661
68,uturoa,-16.7333,-151.4333,27.9,81,99,6.15,PF,1707456662
69,avarua,-21.2078,-159.775,27.03,78,75,8.23,CK,1707456662
70,ancud,-41.8697,-73.8203,11.48,84,100,1.51,CL,1707456662
71,rongelap,11.1635,166.8941,26.49,84,98,9.6,MH,1707456662
72,blackmans bay,-43.0167,147.3167,17.07,56,85,6.56,AU,1707456662
73,wailua homesteads,22.0669,-159.378,25.24,80,20,4.63,US,1707456662
74,stanley,54.868,-1.6985,2.1,92,100,8.23,GB,1707456662
75,hawaiian paradise park,19.5933,-154.9731,21.73,93,100,0.45,US,1707456663
76,codrington,-38.2667,141.9667,19.03,61,21,6.78,AU,1707456663
77,argo,37.6333,22.7333,10.44,78,0,1.93,GR,1707456663
78,karasburg,-28.0167,18.75,20.52,41,41,3.53,NA,1707456663
79,rawson,-43.3002,-65.1023,18.67,55,32,4.57,AR,1707456663
80,ust-nera,64.5667,143.2,-33.29,100,98,1.45,RU,1707456663
81,lihue,21.9789,-159.3672,25.58,79,20,4.63,US,1707456663
82,georgetown,5.4112,100.3354,33.96,70,20,4.12,MY,1707456551
83,margate,51.3813,1.3862,10.5,94,100,4.47,GB,1707456471
84,trapani,37.8333,12.6667,12.05,88,20,6.17,IT,1707456663
85,quellon,-43.1167,-73.6167,11.51,88,70,3.24,CL,1707456664
86,st. john's,47.5649,-52.7093,-0.68,96,100,7.2,CA,1707456538
87,nchelenge,-9.3451,28.734,21.95,88,100,0.9,ZM,1707456664
88,homer,59.6425,-151.5483,3.21,77,100,5.14,US,1707456664
89,hithadhoo,-0.6,73.0833,28.17,70,100,6.2,MV,1707456664
90,nuuk,64.1835,-51.7216,-9.66,73,100,8.75,GL,1707456664
91,arawa,-6.2132,155.5367,27.99,80,99,0.36,PG,1707456664
92,kyshtovka,56.555,76.6271,1.3,91,93,9.39,RU,1707456664
93,sinabang,2.4803,96.3801,28.92,73,76,2.29,ID,1707456664
94,invercargill,-46.4,168.35,16.68,63,99,3.13,NZ,1707456665
95,agat village,13.3886,144.6585,29.52,66,40,6.69,GU,1707456665
96,salinopolis,-0.6136,-47.3561,26.59,85,61,4.3,BR,1707456665
97,luorong,24.4058,109.6086,13.76,56,75,4.34,CN,1707456665
98,borogontsy,62.6683,131.1683,-33.01,92,99,0.36,RU,1707456665
99,ushuaia,-54.8,-68.3,9.81,76,20,11.83,AR,1707456665
100,petropavlovsk-kamchatsky,53.0452,158.6483,-6.67,75,75,3.58,RU,1707456631
101,la jolla,32.8473,-117.2742,12.03,89,75,3.09,US,1707456653
102,clearfield,41.1253,-78.75,7.75,56,0,4.63,US,1707456665
103,lazaro cardenas,17.9583,-102.2,22.38,83,8,2.53,MX,1707456666
104,pontes e lacerda,-15.2261,-59.3353,23.23,89,76,1.39,BR,1707456666
105,zyrya,40.3661,50.2917,12.05,65,66,6.82,AZ,1707456666
106,gadzhiyevo,69.2551,33.3362,-21.18,99,100,2.49,RU,1707456666
107,ust'-kulom,61.6864,53.6902,-11.14,94,100,3.06,RU,1707456666
108,kekri,25.9667,75.15,19.7,20,45,1.98,IN,1707456666
109,al qusayr,34.5091,36.5798,10.93,71,64,0.95,SY,1707456666
110,lebu,-37.6167,-73.65,13.48,92,22,7.09,CL,1707456666
111,maiduguri,11.8464,13.1603,17.42,37,62,2.71,NG,1707456667
112,atafu village,-8.5421,-172.5159,29.41,74,100,4.08,TK,1707456667
113,luchegorsk,46.4764,134.2569,-7.87,81,62,2.06,RU,1707456667
114,labuan,5.2767,115.2417,29.2,83,20,4.12,MY,1707456667
115,oleksandrivka,48.9634,32.2349,0.85,99,100,3.59,UA,1707456667
116,sandnessjoen,66.0217,12.6316,-0.88,93,75,9.77,NO,1707456667
117,martapura,-3.4167,114.85,30.05,79,40,2.57,ID,1707456667
118,la ronge,55.1001,-105.2842,-6.86,86,100,1.54,CA,1707456667
119,bredasdorp,-34.5322,20.0403,18.87,69,43,4.1,ZA,1707456667
120,tazacorte,28.629,-17.9293,21.54,75,0,1.34,ES,1707456668
121,isafjordur,66.0755,-23.124,-6.95,76,41,2.46,IS,1707456668
122,swakopmund,-22.6833,14.5333,18.42,88,27,1.87,NA,1707456668
123,yuzhno-kurilsk,44.0306,145.8556,-4.24,57,52,2.16,RU,1707456668
124,al kharijah,25.4514,30.5464,14.17,39,9,2.59,EG,1707456668
125,thompson,55.7435,-97.8558,-15.91,85,100,4.12,CA,1707456668
126,college,64.8569,-147.8028,-20.51,81,20,0.0,US,1707456539
127,yanbu,24.0891,38.0637,20.02,73,40,1.03,SA,1707456668
128,bhimunipatnam,17.8833,83.4333,28.73,74,67,5.18,IN,1707456668
129,punta arenas,-53.15,-70.9167,12.06,71,75,5.14,CL,1707456669
130,alta,69.9689,23.2717,-13.41,75,75,8.23,NO,1707456669
131,el matama,16.7095,33.3565,21.72,22,2,4.4,SD,1707456669
132,minas de marcona,-15.2119,-75.1103,19.9,85,65,3.0,PE,1707456669
133,hilo,19.7297,-155.09,21.85,89,100,0.45,US,1707456669
134,taulaga,-11.0553,-171.0883,28.86,81,97,8.55,AS,1707456669
135,afaahiti,-17.75,-149.2833,26.93,82,98,7.05,PF,1707456669
136,carnarvon,-24.8667,113.6333,33.48,38,0,7.15,AU,1707456669
137,gamba,-2.65,10.0,25.45,88,100,0.49,GA,1707456670
138,klyuchi,52.2667,79.1667,2.73,96,100,10.35,RU,1707456670
139,arteche,12.2645,125.4048,28.65,64,26,3.5,PH,1707456670
140,tobelo,1.7284,128.0095,28.53,75,100,3.51,ID,1707456670
141,kavaratti,10.5669,72.642,27.75,74,70,1.76,IN,1707456670
142,utrik,11.2278,169.8474,26.19,80,79,9.79,MH,1707456670
143,new norfolk,-42.7826,147.0587,17.72,48,81,3.36,AU,1707456671
144,tuba zangariya,32.9663,35.5944,13.27,60,25,0.43,IL,1707456671
145,mount isa,-20.7333,139.5,33.87,46,40,4.63,AU,1707456671
146,taksimo,56.3444,114.8794,-10.99,84,97,0.56,RU,1707456671
147,dongfeng,42.6403,125.5118,-3.85,69,49,2.2,CN,1707456671
148,dudinka,69.4058,86.1778,-30.18,95,43,2.24,RU,1707456671
149,mujiayingzi,42.1167,118.7833,-0.84,32,34,3.68,CN,1707456671
150,kotido,2.9806,34.1331,26.71,42,16,4.27,UG,1707456672
151,badger,64.8,-147.5333,-20.86,83,20,0.0,US,1707456672
152,talnakh,69.4865,88.3972,-25.18,84,52,2.1,RU,1707456672
153,san antonio de pale,-1.4014,5.6325,28.05,76,75,4.18,GQ,1707456672
154,kani keli,-12.9536,45.1033,27.59,76,99,3.2,YT,1707456672
155,moultonborough,43.7548,-71.3967,-0.19,83,53,0.07,US,1707456672
156,inhambane,-23.865,35.3833,24.99,88,40,2.57,MZ,1707456672
157,portland,45.5234,-122.6762,6.72,88,75,1.54,US,1707456612
158,hammerfest,70.6634,23.6821,-8.75,67,0,3.6,NO,1707456672
159,sao tome,0.3365,6.7273,27.46,80,45,2.72,ST,1707456673
160,sisimiut,66.9395,-53.6735,-14.8,78,90,9.28,GL,1707456673
161,susanville,40.4163,-120.653,-0.09,82,0,3.09,US,1707456405
162,choele choel,-39.2667,-65.6833,21.65,75,89,6.43,AR,1707456673
163,katabu,-4.9333,122.5167,31.78,58,51,1.16,ID,1707456673
164,kenora,49.8167,-94.4337,0.54,100,100,4.12,CA,1707456673
165,perry,37.2506,-83.1999,13.4,54,100,2.61,US,1707456673
166,sona,45.4388,10.8255,9.77,87,75,1.03,IT,1707456673
167,nouadhibou,20.931,-17.0347,18.99,52,11,5.14,MR,1707456674
168,prieska,-29.6641,22.7474,24.58,22,30,1.34,ZA,1707456674
169,key west,24.5557,-81.7826,20.0,82,0,4.12,US,1707456577
170,kaa-khem,51.6833,94.7333,-18.66,91,100,1.08,RU,1707456674
171,guadalupe y calvo,26.1,-106.9667,2.93,74,99,1.91,MX,1707456674
172,fort beaufort,-32.7748,26.6338,17.65,82,85,0.63,ZA,1707456674
173,mejit,10.2753,170.8646,26.26,78,96,10.51,MH,1707456674
174,cadale,2.7603,46.3222,28.05,70,28,10.72,SO,1707456674
175,pudasjarvi,65.3833,26.9167,-30.01,100,100,0.86,FI,1707456674
176,fale old settlement,-9.3852,-171.2468,28.99,78,100,5.98,TK,1707456675
177,iskateley,67.6803,53.1512,-11.1,91,73,4.47,RU,1707456675
178,okha,53.5739,142.9478,-16.65,91,93,5.08,RU,1707456675
179,kindu,-2.95,25.95,23.61,92,64,0.56,CD,1707456675
180,tupiza,-21.45,-65.7167,13.5,75,58,0.21,BO,1707456675
181,polyarnyy,69.1989,33.4478,-20.42,99,100,2.63,RU,1707456676
182,brisas de zicatela,15.8369,-97.0419,24.85,82,41,1.26,MX,1707456676
183,keflavik,64.0049,-22.5624,-6.76,79,0,2.06,IS,1707456676
184,aykhal,66.0,111.5,-29.77,99,65,1.77,RU,1707456676
185,whitehorse,60.7161,-135.0538,-16.57,84,0,5.66,CA,1707456676
186,el granada,37.5027,-122.4694,9.41,87,0,2.57,US,1707456676
187,klaksvik,62.2266,-6.589,-2.49,58,100,8.92,FO,1707456676
188,champerico,14.3,-91.9167,24.64,71,13,2.72,GT,1707456676
189,hermanus,-34.4187,19.2345,18.66,73,57,4.13,ZA,1707456677
190,sao joao da barra,-21.6403,-41.0511,24.44,92,7,4.56,BR,1707456677
191,kodiak,57.79,-152.4072,1.73,93,100,9.26,US,1707456677
192,bikenibeu village,1.3673,173.1241,29.98,74,100,3.09,KI,1707456677
193,itaituba,-4.2761,-55.9836,23.4,99,100,0.65,BR,1707456677
194,suva,-18.1416,178.4415,29.71,74,40,3.09,FJ,1707456638
195,tura,25.5198,90.2201,23.76,24,1,0.54,IN,1707456678
196,koryazhma,61.3143,47.1691,-11.72,94,99,2.85,RU,1707456678
197,port isabel,26.0734,-97.2086,20.57,93,0,2.57,US,1707456678
198,matipo,-20.2839,-42.3411,19.35,97,90,0.7,BR,1707456679
199,parthenay,46.6667,-0.4167,11.08,94,98,7.92,FR,1707456679
200,coquimbo,-29.9533,-71.3436,18.85,94,100,2.06,CL,1707456679
201,shakawe,-18.3667,21.85,24.52,62,71,1.37,BW,1707456679
202,fort st. john,56.2499,-120.8529,-10.06,85,0,1.03,CA,1707456679
203,bayan,46.0833,127.4,-8.1,84,100,0.8,CN,1707456680
204,dali,25.7,100.1833,14.89,30,5,1.24,CN,1707456680
205,cardigan,52.0847,-4.6591,9.65,97,100,4.75,GB,1707456680
206,jamaame,0.0697,42.745,30.53,58,32,7.69,SO,1707456681
207,san kamphaeng,18.7449,99.1195,34.36,39,5,1.54,TH,1707456681
208,necochea,-38.5473,-58.7368,19.49,92,100,4.23,AR,1707456681
209,ridder,50.355,83.5133,-2.75,93,100,4.63,KZ,1707456682
210,tidjikja,18.5564,-11.4271,19.37,12,0,5.13,MR,1707456682
211,horta,38.5333,-28.6333,14.45,81,100,0.89,PT,1707456682
212,khovd,48.0056,91.6419,-11.02,65,68,1.33,MN,1707456682
213,vila franca do campo,37.7167,-25.4333,16.23,80,100,8.13,PT,1707456683
214,emerald,-23.5333,148.1667,33.52,36,3,4.86,AU,1707456683
215,ola,59.5833,151.2833,-22.56,86,48,3.31,RU,1707456683
216,susuman,62.7833,148.1667,-30.57,98,64,0.89,RU,1707456684
217,chibougamau,49.9168,-74.3659,0.79,80,100,5.14,CA,1707456684
218,vilyuysk,63.7553,121.6247,-27.05,93,100,0.93,RU,1707456684
219,tamanrasset,22.785,5.5228,6.95,24,0,2.06,DZ,1707456684
220,kaohsiung,22.6163,120.3133,21.97,65,0,4.63,TW,1707456685
221,kalmunai,7.4167,81.8167,28.21,67,49,5.43,LK,1707456685
222,ghat,24.9647,10.1728,9.99,30,2,0.2,LY,1707456685
223,viedma,-40.8135,-62.9967,17.69,74,54,2.81,AR,1707456685
224,kyzyl-suu,42.3414,78.0056,1.4,50,80,0.55,KG,1707456686
225,sechura,-5.5569,-80.8222,26.14,81,94,4.52,PE,1707456686
226,nar'yan-mar,67.6713,53.087,-11.05,91,71,4.47,RU,1707456686
227,usogorsk,63.4106,48.6872,-12.96,96,88,3.06,RU,1707456686
228,lionel town,17.8101,-77.2406,23.94,76,0,2.7,JM,1707456687
229,taoudenni,22.6783,-3.9836,15.52,18,0,1.44,ML,1707456687
230,grand falls-windsor,48.9332,-55.6649,-14.12,100,88,1.25,CA,1707456687
231,haiku-pauwela,20.9219,-156.3051,21.69,81,100,4.12,US,1707456687
232,mana,5.6592,-53.7767,25.09,88,83,3.75,GF,1707456688
233,hamilton,39.1834,-84.5333,13.69,64,75,7.72,US,1707456371
234,shenjiamen,29.9576,122.298,5.7,65,5,6.32,CN,1707456688
235,saint-pierre,-21.3393,55.4781,27.82,78,0,1.54,RE,1707456689
236,anadyr,64.75,177.4833,-9.72,85,75,12.0,RU,1707456689
237,awjilah,29.1081,21.2869,12.03,52,0,2.0,LY,1707456689
238,kinablangan,7.6947,126.5503,27.28,76,79,3.49,PH,1707456690
239,fortuna,40.5982,-124.1573,7.59,89,100,0.0,US,1707456690
240,shiyan,32.6475,110.7781,13.54,39,95,3.2,CN,1707456690
241,parkes,-33.1333,148.1833,30.75,26,7,4.6,AU,1707456690
242,xilin hot,43.9667,116.0333,-10.57,81,40,4.14,CN,1707456691
243,nizhneudinsk,54.9076,99.0276,-2.08,78,100,0.88,RU,1707456691
244,katsuren-haebaru,26.3369,127.8719,17.43,81,100,5.66,JP,1707456691
245,mezhdurechensk,53.6942,88.0603,-1.4,90,100,2.99,RU,1707456691
246,port alberni,49.2413,-124.8028,4.91,94,100,0.89,CA,1707456692
247,port blair,11.6667,92.75,31.02,58,13,5.66,IN,1707456692
248,yichun,47.7,128.9,-8.92,77,75,1.12,CN,1707456692
249,la passe,45.5549,-0.8967,12.77,89,100,8.25,FR,1707456692
250,cabo san lucas,22.8909,-109.9124,20.84,65,100,1.34,MX,1707456600
251,luderitz,-26.6481,15.1594,18.53,68,21,8.53,NA,1707456692
252,bakanas,44.8081,76.2772,3.21,92,70,7.73,KZ,1707456693
253,bonthe,7.5264,-12.505,25.48,89,6,1.22,SL,1707456693
254,san patricio,28.017,-97.5169,20.47,89,99,3.65,US,1707456693
255,pirallahi,40.4723,50.333,12.08,68,66,8.31,AZ,1707456693
256,nanaimo,49.1663,-123.936,5.87,88,100,3.09,CA,1707456591
257,east london,-33.0153,27.9116,18.52,94,100,4.63,ZA,1707456612
258,troitsko-pechorsk,62.7084,56.1964,-10.17,91,99,3.13,RU,1707456693
259,al ghayzah,16.2079,52.176,24.67,56,6,2.12,YE,1707456694
260,taltal,-25.4,-70.4833,20.39,86,53,1.5,CL,1707456620
261,iquique,-20.2208,-70.1431,24.02,79,8,1.74,CL,1707456694
262,aoulef,26.9667,1.0833,13.48,20,8,1.04,DZ,1707456694
263,hasaki,35.7333,140.8333,11.27,67,100,5.39,JP,1707456694
264,baihe,22.15,107.2333,11.44,58,100,2.44,CN,1707456695
265,dong ha,16.8163,107.1003,19.2,87,100,5.3,VN,1707456695
266,tchibanga,-2.85,11.0333,23.08,97,100,0.92,GA,1707456695
267,corinto,37.9407,22.9573,10.5,74,0,2.67,GR,1707456695
268,huazhou,21.6333,110.5833,11.26,74,100,3.75,CN,1707456695
269,chulym,55.0997,80.9572,1.23,98,100,11.14,RU,1707456695
270,alice town,25.7167,-79.3,21.49,62,34,6.61,BS,1707456695
271,santa cruz,-17.8,-63.1667,26.7,83,75,6.17,BO,1707456605
272,machina,13.1364,10.0492,14.76,21,3,3.78,NG,1707456695
273,bourbonnais,41.1417,-87.875,12.17,90,0,9.26,US,1707456637
274,egilsstadir,65.2653,-14.3948,-9.05,73,75,1.54,IS,1707456696
275,las margaritas,16.3167,-91.9833,12.25,78,0,0.91,MX,1707456696
276,salekhard,66.53,66.6019,-8.5,94,100,8.96,RU,1707456696
277,kijang,35.2442,129.2139,7.85,52,98,2.35,KR,1707456696
278,enewetak,11.3474,162.3373,26.84,83,85,8.81,MH,1707456696
279,tamiahua,21.2667,-97.45,19.87,90,3,2.06,MX,1707456696
280,helena valley west central,46.6629,-112.0604,-1.08,91,100,0.0,US,1707456696
281,gornopravdinsk,60.05,69.9,-6.91,94,100,2.86,RU,1707456697
282,buala,-8.145,159.5921,27.0,86,100,7.05,SB,1707456697
283,pangody,65.85,74.4859,-10.48,95,100,5.94,RU,1707456697
284,fort bragg,35.139,-79.006,9.9,62,75,3.09,US,1707456697
285,zapolyarnyy,69.4154,30.8136,-23.4,99,97,2.04,RU,1707456425
286,abu qurqas,27.9312,30.8384,13.46,63,4,2.67,EG,1707456697
287,labrador city,52.9463,-66.9114,-3.05,85,100,3.09,CA,1707456610
288,bridgewater,44.3835,-64.5155,-4.18,93,54,2.57,CA,1707456697
289,port saint john's,-31.6229,29.5448,24.26,76,81,0.82,ZA,1707456697
290,krasnogvardeyskoye,45.8456,41.5186,5.78,93,90,1.64,RU,1707456698
291,kristiansund,63.1115,7.732,-3.64,86,27,1.54,NO,1707456698
292,constantia,44.1833,28.65,5.38,69,31,3.8,RO,1707456698
293,ryotsu-minato,38.0833,138.4333,4.78,61,96,1.35,JP,1707456698
294,pont rouge,48.8833,-72.0825,-3.84,98,99,3.81,CA,1707456698
295,inirida,3.8653,-67.9239,24.73,86,91,1.19,CO,1707456698
296,nova sintra,14.8667,-24.7167,21.43,68,0,8.03,CV,1707456698
297,mirabad,30.4362,61.8383,17.59,15,0,1.84,AF,1707456699
298,villa gesell,-37.2639,-56.973,21.14,97,100,4.91,AR,1707456699
299,manokwari,-0.8667,134.0833,27.38,81,100,3.64,ID,1707456424
300,nemuro,43.3236,145.575,-2.57,68,28,3.54,JP,1707456699
301,christchurch,-43.5333,172.6333,20.3,65,20,10.29,NZ,1707456659
302,remire-montjoly,4.9167,-52.2667,26.02,89,20,1.54,GF,1707456699
303,chonchi,-42.6128,-73.8092,12.56,90,83,1.78,CL,1707456699
304,jesus maria,-30.9815,-64.0942,20.84,95,100,5.17,AR,1707456699
305,jamestown,42.097,-79.2353,10.77,44,0,5.66,US,1707456699
306,veraval,20.9,70.3667,26.02,29,74,3.24,IN,1707456699
307,vejen,55.4833,9.15,1.21,93,100,6.69,DK,1707456699
308,tshela,-4.9833,12.9333,23.87,99,99,0.33,CD,1707456700
309,vernon,50.2581,-119.2691,3.12,84,77,1.03,CA,1707456700
310,alofi,-19.0595,-169.9187,27.94,89,75,1.03,NU,1707456700
311,tsiombe,-25.3,45.4833,28.91,63,0,3.62,MG,1707456700
312,brindisi,40.5833,17.6667,9.33,86,1,5.04,IT,1707456700
313,sao vicente,-23.9631,-46.3919,27.1,26,63,0.99,BR,1707456700
314,hirara,24.8,125.2833,15.92,100,75,11.32,JP,1707456700
315,dakhla,23.6848,-15.958,18.89,53,4,2.07,EH,1707456700
316,antibes,43.5624,7.1278,14.77,90,75,3.6,FR,1707456700
317,acarau,-2.8856,-40.12,27.11,79,57,5.37,BR,1707456701
318,flying fish cove,-10.4217,105.6791,27.82,89,100,3.09,CX,1707456701
319,bamboo flat,11.7,92.7167,31.05,58,13,5.66,IN,1707456701
320,fraserburgh,57.6874,-2.0184,2.46,61,100,13.51,GB,1707456701
321,springbok,-29.6643,17.8865,15.57,50,1,1.7,ZA,1707456701
322,puerto san jose,13.9256,-90.8244,22.12,69,14,1.7,GT,1707456701
323,kapa'a,22.0752,-159.319,25.99,79,20,4.63,US,1707456701
324,richards bay,-28.783,32.0377,25.44,70,23,3.01,ZA,1707456701
325,brookings,44.3114,-96.7984,0.03,90,100,9.26,US,1707456701
326,namtsy,62.7161,129.6658,-34.72,94,96,0.54,RU,1707456702
327,trairi,-3.2778,-39.2689,25.89,86,35,4.23,BR,1707456595
328,lenino,45.2986,35.7771,8.54,93,25,5.63,UA,1707456702
329,mount pearl,47.5166,-52.7813,-1.14,96,100,7.2,CA,1707456612
330,sao miguel do araguaia,-13.275,-50.1628,22.51,97,100,2.13,BR,1707456702
331,gargalianoi,37.0667,21.6333,10.2,82,32,2.96,GR,1707456702
332,taroa,8.7058,171.2275,26.85,77,97,9.55,MH,1707456702
333,chandler,33.3062,-111.8412,7.17,86,0,3.6,US,1707456317
334,rio grande,-32.035,-52.0986,24.41,95,9,4.35,BR,1707456702
335,katsuura,35.1333,140.3,9.16,71,97,6.13,JP,1707456703
336,caazapa,-26.15,-56.4,23.29,83,71,2.08,PY,1707456703
337,plastun,44.7561,136.2939,-1.89,42,78,3.82,RU,1707456439
338,angra do heroismo,38.65,-27.2167,14.51,90,20,4.47,PT,1707456703
339,honggang,46.4667,124.8667,-7.11,74,100,0.56,CN,1707456703
340,alaghsas,17.0187,8.0168,10.94,24,0,3.09,NE,1707456703
341,silver city,32.7701,-108.2803,4.1,71,40,6.71,US,1707456703
342,mahalapye,-23.1041,26.8142,25.68,60,82,6.16,BW,1707456703
343,buka,40.8108,69.1986,13.8,33,95,1.16,UZ,1707456703
344,olyokminsk,60.3736,120.4264,-23.81,94,90,0.16,RU,1707456703
345,motueka,-41.1333,173.0167,19.92,65,23,2.07,NZ,1707456703
346,kuala belait,4.5833,114.1833,32.09,69,19,4.62,BN,1707456704
347,mosjoen,65.836,13.1908,-0.88,80,75,4.63,NO,1707456704
348,nova olimpia,-14.7972,-57.2881,23.86,88,100,1.02,BR,1707456704
349,tostado,-29.232,-61.7692,24.99,81,45,0.45,AR,1707456704
350,zhangye,38.9342,100.4517,2.08,37,33,6.74,CN,1707456704
351,ulanhot,46.0833,122.0833,-6.83,55,100,3.15,CN,1707456556
352,antsiranana,-12.2787,49.2917,29.42,79,40,2.06,MG,1707456704
353,savanna-la-mar,18.219,-78.1332,24.97,66,0,4.58,JM,1707456704
354,cole harbour,44.6724,-63.4751,-4.29,93,45,3.21,CA,1707456704
355,ulety,51.3572,112.4849,-7.28,67,17,2.2,RU,1707456705
356,ljusdal,61.8288,16.0913,-20.71,100,78,0.73,SE,1707456705
357,caluula,11.9661,50.7569,26.04,71,14,7.21,SO,1707456705
358,severo-yeniseyskiy,60.3725,93.0408,-6.9,91,98,3.13,RU,1707456705
359,mandan,46.8267,-100.8896,-2.01,89,100,8.23,US,1707456705
360,limulunga,-15.0969,23.1376,23.86,72,50,1.31,ZM,1707456705
361,port alfred,-33.5906,26.891,18.43,94,13,0.45,ZA,1707456705
362,pukekohe east,-37.2,174.95,25.18,61,65,2.59,NZ,1707456705
363,macapa,0.0389,-51.0664,25.99,94,40,2.57,BR,1707456520
364,tangalle,6.024,80.7911,30.09,58,100,6.17,LK,1707456706
365,selfoss,63.9331,-20.9971,-12.2,79,44,4.62,IS,1707456706
366,kohlu,29.8962,69.252,13.98,21,0,1.15,PK,1707456706
367,as saffaniyah,27.9708,48.73,17.12,46,0,3.8,SA,1707456706
368,zelenokumsk,44.4069,43.8806,9.31,62,73,2.09,RU,1707456706
369,guarapuava,-25.3953,-51.4581,16.25,98,56,1.42,BR,1707456706
370,praia,14.9215,-23.5087,25.3,22,0,5.14,CV,1707456706
371,jawad,24.6,74.85,21.5,18,73,4.07,IN,1707456707
372,crane,31.3974,-102.3501,11.24,46,88,3.82,US,1707456707
373,kerikeri,-35.2268,173.9474,24.95,76,86,0.45,NZ,1707456707
374,tolanaro,-25.0319,46.9987,27.04,78,40,6.17,MG,1707456707
375,tchintabaraden,15.8969,5.7985,14.63,19,1,4.24,NE,1707456707
376,menongue,-14.6585,17.691,18.46,93,86,0.91,AO,1707456707
377,morehead city,34.7229,-76.726,8.9,87,0,0.0,US,1707456707
378,vecpiebalga,57.0599,25.8127,-12.38,98,98,2.7,LV,1707456707
379,vinh,18.6667,105.6667,15.5,82,100,3.95,VN,1707456707
380,touros,-5.1989,-35.4608,26.78,80,16,4.67,BR,1707456707
381,isperih,43.7167,26.8333,8.9,59,45,3.68,BG,1707456708
382,gunnedah,-30.9833,150.25,29.14,36,100,2.81,AU,1707456708
383,mussoorie,30.45,78.0833,5.54,18,0,2.34,IN,1707456708
384,soure,-0.7167,-48.5233,25.91,87,53,3.73,BR,1707456708
385,tocopilla,-22.092,-70.1979,23.45,75,0,0.83,CL,1707456113
386,lompoc,34.6391,-120.4579,9.4,85,75,4.02,US,1707456708
387,clarence town,-32.5833,151.7833,27.56,58,100,4.36,AU,1707456708
388,thongwa,16.7619,96.5278,30.09,32,7,0.35,MM,1707456708
389,onokhoy,51.932,108.0747,-18.14,76,67,1.59,RU,1707456709
390,guerrero negro,27.9769,-114.0611,14.5,63,86,5.84,MX,1707456709
391,saudarkrokur,65.7461,-19.6394,-16.32,89,13,3.88,IS,1707456709
392,mae hong son,19.3003,97.9685,29.08,54,2,1.03,TH,1707456709
393,fougamou,-1.2154,10.5838,24.05,98,100,0.72,GA,1707456709
394,hami,42.8,93.45,0.65,52,1,3.32,CN,1707456709
395,tambacounda,13.7539,-13.7586,26.0,12,100,3.29,SN,1707456709
396,nola,40.922,14.5329,13.68,86,33,1.93,IT,1707456709
397,mulanje,-16.0316,35.5,23.89,72,16,1.93,MW,1707456709
398,coronel suarez,-37.4547,-61.9334,21.97,82,100,1.27,AR,1707456709
399,saurimo,-9.6608,20.3916,20.6,87,96,1.01,AO,1707456710
400,tralee,52.2704,-9.7026,8.38,95,100,2.94,IE,1707456710
401,palikir - national government center,6.9248,158.1611,29.41,74,100,5.14,FM,1707456710
402,bengkulu,-3.8004,102.2655,29.63,67,34,3.67,ID,1707456710
403,bam,29.106,58.357,15.35,15,0,0.79,IR,1707456710
404,san sebastian de la gomera,28.0916,-17.1133,23.2,56,0,1.54,ES,1707456710
405,mili,6.0815,171.735,27.35,73,76,9.26,MH,1707456710
406,new plymouth,-39.0667,174.0833,24.34,75,3,2.04,NZ,1707456710
407,rikaze,29.25,88.8833,-1.87,11,0,1.28,CN,1707456710
408,rocky mountain house,52.3668,-114.9188,-4.94,93,100,3.09,CA,1707456711
409,ad dabbah,18.05,30.95,17.99,24,0,2.74,SD,1707456711
410,medina,24.4686,39.6142,17.24,42,20,3.6,SA,1707456711
411,zimnicea,43.6667,25.3667,9.5,60,30,1.64,RO,1707456711
412,al qitena,14.8648,32.3668,22.21,21,1,6.82,SD,1707456711
413,kenai,60.5544,-151.2583,-0.51,91,100,8.75,US,1707456543
414,along,28.1667,94.7667,22.01,37,1,0.87,IN,1707456711
415,muroto-misakicho,33.2833,134.15,10.2,61,94,1.94,JP,1707456711
416,monrovia,6.3005,-10.7969,23.87,84,31,2.55,LR,1707456712
417,gumdag,39.2061,54.5906,14.21,35,15,1.4,TM,1707456712
418,luwingu,-10.2621,29.9271,20.8,83,100,0.45,ZM,1707456712
419,shubarshi,48.5872,57.1869,1.02,100,100,4.56,KZ,1707456712
420,mungwi,-10.1732,31.3694,20.69,85,100,0.97,ZM,1707456712
421,gajuwaka,17.7,83.2167,29.07,65,40,1.03,IN,1707456712
422,lake monticello,37.9232,-78.3347,9.53,60,98,2.19,US,1707456712
423,launceston,-41.45,147.1667,26.86,31,40,5.66,AU,1707456712
424,bichura,50.5881,107.6022,-10.64,78,56,1.41,RU,1707456712
425,inongo,-1.95,18.2667,24.1,87,96,2.17,CD,1707456713
426,camiri,-20.05,-63.5167,21.35,85,98,0.7,BO,1707456713
427,pacific grove,36.6177,-121.9166,9.06,83,0,1.54,US,1707456679
428,senanga,-16.1167,23.2667,23.44,74,95,1.31,ZM,1707456713
429,pivijay,10.4617,-74.6162,24.64,77,35,3.27,CO,1707456713
430,hadibu,12.65,54.0333,26.34,66,24,6.58,YE,1707456713
431,bulgan,48.8125,103.5347,-10.42,73,10,0.44,MN,1707456713
432,humboldt,40.6665,-123.9178,2.7,94,96,0.62,US,1707456495
433,mount gambier,-37.8333,140.7667,20.38,51,16,5.76,AU,1707456635
434,lawas,13.764,121.0566,29.99,55,3,7.48,PH,1707456713
435,songea,-10.6833,35.65,22.63,81,90,0.15,TZ,1707456713
436,biharamulo,-2.6319,31.3089,20.5,76,4,0.5,TZ,1707456714
437,torghay,49.6339,63.4981,1.95,100,100,7.73,KZ,1707456714
438,yaren,-0.5472,166.916,28.78,76,90,7.41,NR,1707456714
439,barranca,-10.75,-77.7667,24.2,84,67,2.42,PE,1707456714
440,praia da vitoria,38.7333,-27.0667,14.31,82,20,8.87,PT,1707456714
441,island harbour,50.724,-1.2758,11.2,93,100,4.92,GB,1707456714
442,xinyuan,37.3,99.0,-8.53,42,1,9.46,CN,1707456714
443,komaki,35.2833,136.9167,13.32,30,75,1.54,JP,1707456714
444,greenville,35.6127,-77.3663,7.09,88,0,2.06,US,1707456662
445,regina,50.4501,-104.6178,-4.94,83,100,5.14,CA,1707456017
446,bandundu,-3.3167,17.3667,24.66,84,94,1.14,CD,1707456715
447,barra,-11.0894,-43.1417,25.21,69,100,0.35,BR,1707456715
448,swift current,50.2834,-107.8014,-6.55,93,100,3.6,CA,1707456594
449,kalach-na-donu,48.691,43.5264,-1.55,70,100,3.03,RU,1707456715
450,angaur state,6.906,134.13,27.15,82,98,7.52,PW,1707456715
451,malango,-2.9627,119.9001,27.31,73,27,0.62,ID,1707456715
452,cruzeiro do sul,-29.5128,-51.9853,24.49,92,6,0.75,BR,1707456715
453,ronne,55.1009,14.7066,-0.05,86,75,5.14,DK,1707456716
454,ariquemes,-9.9133,-63.0408,23.17,96,88,0.81,BR,1707456716
455,colonia,50.9333,6.95,11.36,89,100,6.17,DE,1707456716
456,puerto baquerizo moreno,-0.9,-89.6,25.58,82,93,4.0,EC,1707456716
457,conde,-7.2597,-34.9075,25.77,82,18,3.48,BR,1707456716
458,nadym,65.5333,72.5167,-8.38,94,100,5.19,RU,1707456716
459,manga,11.6636,-1.0731,20.25,13,0,3.4,BF,1707456716
460,palafrugell,41.9174,3.1631,15.79,9,100,7.39,ES,1707456537
461,bhinga,27.7167,81.9333,20.96,28,0,3.6,IN,1707456716
462,de haan,51.272,3.0429,10.99,83,100,9.26,BE,1707456716
463,togur,58.3631,82.8265,-4.92,94,100,6.71,RU,1707456716
464,scarborough,54.2797,-0.4044,5.92,93,100,6.71,GB,1707456266
465,nebraska city,40.6767,-95.8592,5.89,81,0,2.06,US,1707456602
466,tsengel,49.4783,100.8894,-12.06,70,89,2.1,MN,1707456717
467,vadso,70.0744,29.7487,-12.91,92,100,4.63,NO,1707456717
468,durban,-29.8579,31.0292,25.51,84,79,4.85,ZA,1707456423
469,chapada dos guimaraes,-15.4606,-55.7497,20.81,85,100,1.99,BR,1707456717
470,okhotsk,59.3833,143.3,-21.55,84,18,3.64,RU,1707456717
471,dayr al balah,31.4166,34.3452,16.24,71,18,1.64,PS,1707456717
472,camocim,-2.9022,-40.8411,25.33,89,53,4.25,BR,1707456717
473,sambava,-14.2667,50.1667,28.26,76,100,1.08,MG,1707456717
474,yeniseysk,58.4497,92.1703,-3.36,87,97,3.13,RU,1707456717
475,yuxia,34.0615,108.6291,11.34,36,57,1.52,CN,1707456717
476,dompu,-8.5356,118.4622,29.94,75,38,1.12,ID,1707456718
477,box elder,41.5005,-112.8764,1.81,76,89,3.89,US,1707456718
478,udgir,18.3833,77.1167,27.96,28,3,2.58,IN,1707456718
479,casas grandes,30.3667,-107.95,7.61,40,65,4.16,MX,1707456718
480,woolgoolga,-30.1106,153.2007,25.93,74,79,6.12,AU,1707456718
481,aleysk,52.4926,82.7822,0.9,87,100,15.48,RU,1707456718
482,san julian,21.0167,-102.1667,12.84,26,4,2.92,MX,1707456718
483,maragogi,-9.0122,-35.2225,26.35,85,73,4.33,BR,1707456719
484,odienne,9.51,-7.5692,21.87,19,5,0.46,CI,1707456719
485,rurrenabaque,-14.4413,-67.5278,24.02,84,11,0.45,BO,1707456719
486,zadawa,11.4496,10.3672,15.7,19,22,3.22,NG,1707456719
487,north bend,43.4065,-124.2243,6.26,100,100,2.57,US,1707456719
488,moyale,3.5167,39.0584,26.26,43,28,5.67,KE,1707456719
489,i-n-salah,27.1935,2.4607,12.83,23,2,2.43,DZ,1707456719
490,at taj,24.2049,23.2857,11.21,40,4,3.11,LY,1707456719
491,duong dong,10.2167,103.9667,30.0,70,40,6.17,VN,1707456720
492,sitka,57.0531,-135.33,2.94,70,0,1.54,US,1707456720
493,glennville,31.9366,-81.9285,10.62,93,98,1.83,US,1707456720
494,celestun,20.8667,-90.4,22.12,68,0,6.28,MX,1707456720
495,charlestown,-32.95,151.6667,26.68,71,75,3.13,AU,1707456720
496,labasa,-16.4167,179.3833,28.18,85,100,3.48,FJ,1707456720
497,happy valley-goose bay,53.3168,-60.3315,-10.83,92,20,2.57,CA,1707456605
498,illizi,26.4833,8.4667,5.89,28,1,1.78,DZ,1707456720
499,neiafu,-18.65,-173.9833,25.73,89,99,3.67,TO,1707456721
500,kitimat,54.0524,-128.6534,-1.79,99,93,0.45,CA,1707456721
501,chegdomyn,51.1167,133.0167,-15.99,82,95,0.72,RU,1707456721
502,sihanoukville,10.6093,103.5296,30.97,62,20,5.14,KH,1707456722
503,wankyi,7.7392,-2.1046,20.87,65,1,1.61,GH,1707456722
504,mawu,29.5923,107.3139,10.18,58,92,1.55,CN,1707456722
505,nkowakowa,-23.8878,30.2871,22.61,93,100,0.89,ZA,1707456722
506,nagqu,31.5,92.0,-10.35,11,0,3.38,CN,1707456723
507,zyryanovsk,49.7386,84.2719,-3.98,94,100,0.32,KZ,1707456723
508,kirakira,-10.4544,161.9205,26.86,89,100,7.3,SB,1707456724
509,masterton,-40.9597,175.6575,20.06,65,78,4.49,NZ,1707456724
510,banjarmasin,-3.3244,114.591,30.08,61,82,2.67,ID,1707456724
511,alpena,45.0617,-83.4327,9.18,80,0,6.17,US,1707456725
512,choma,-16.8065,26.9531,22.2,63,69,3.53,ZM,1707456725
513,suileng,47.25,127.0833,-8.31,85,100,0.29,CN,1707456725
514,kolonia town,6.964,158.206,30.0,74,100,5.14,FM,1707456725
515,nantucket,41.2835,-70.0995,-1.94,93,0,2.06,US,1707456515
516,okulovka,58.4008,33.2908,-23.97,100,91,2.5,RU,1707456725
517,rupert,42.6191,-113.6772,-0.03,80,100,4.63,US,1707456725
518,el calafate,-50.3408,-72.2768,10.04,80,65,3.29,AR,1707456726
519,merizo village,13.2658,144.6691,29.31,75,100,6.5,GU,1707456726
520,kidal,18.4411,1.4078,16.87,14,100,3.69,ML,1707456726
521,hancheng,32.5186,112.3522,12.05,53,77,4.42,CN,1707456726
522,kavieng,-2.5744,150.7967,28.64,76,90,6.2,PG,1707456726
523,natal,-5.795,-35.2094,28.12,83,40,4.12,BR,1707456726
524,shingu,33.7333,135.9833,10.4,56,86,2.08,JP,1707456727
525,callao,-12.0667,-77.15,27.07,83,75,6.17,PE,1707456727
526,es castell,39.8795,4.2854,15.38,82,0,3.6,ES,1707456727
527,kharp,66.8014,65.8081,-8.06,93,100,7.04,RU,1707456727
528,basco,20.4487,121.9702,22.59,79,24,9.55,PH,1707456727
529,mil'kovo,55.6078,37.7956,-14.92,95,8,3.56,RU,1707456727
530,kehychivka,49.2866,35.7615,-1.85,94,100,5.05,UA,1707456728
531,saint-leu,-21.15,55.2833,28.46,77,100,1.18,RE,1707456728
532,nizhneangarsk,55.7833,109.55,-13.33,96,100,1.34,RU,1707456728
533,cannonvale,-20.2833,148.7,26.66,73,99,7.73,AU,1707456729
534,badagry,6.4167,2.8833,23.85,89,9,2.43,NG,1707456729
535,port pirie,-33.1833,138.0167,28.55,38,0,8.72,AU,1707456729
536,biltine,14.5333,20.9167,19.22,21,4,2.65,TD,1707456729
537,nuku'alofa,-21.1333,-175.2,27.19,100,75,2.57,TO,1707456729
538,opatow,50.8006,21.4254,0.84,92,100,2.87,PL,1707456729
539,broken hill,-31.95,141.4333,33.6,20,0,5.68,AU,1707456729
540,karyes,37.3,22.5,5.67,92,16,1.37,GR,1707456730
541,los llanos de aridane,28.6585,-17.9182,19.86,75,0,1.34,ES,1707456730
542,williams lake,52.1415,-122.1445,-4.24,86,100,2.06,CA,1707456730
543,malvan,16.0667,73.4667,30.58,35,21,2.41,IN,1707456730
544,laguna,38.421,-121.4238,6.99,94,0,0.0,US,1707456731
545,yangliuqing,39.1375,116.9997,6.97,36,2,2.38,CN,1707456731
546,antofagasta,-23.65,-70.4,22.6,79,14,1.65,CL,1707456731
547,butia,-30.1197,-51.9622,21.72,99,4,1.33,BR,1707456731
548,east ballina,-28.8667,153.5833,23.22,85,97,6.36,AU,1707456731
549,tarawa,1.419,172.984,30.05,74,100,3.09,KI,1707456731
550,tsetserleg,47.475,101.4542,-7.33,63,50,2.36,MN,1707456731
551,saint-paul,-21.0096,55.2707,29.05,73,100,1.82,RE,1707456731
552,sol'tsy,58.1239,30.3238,-19.42,99,12,0.76,RU,1707456732
553,aflou,34.1128,2.1023,8.83,29,100,4.42,DZ,1707456732
554,nizhnesortymskiy,62.4397,71.7603,-13.17,95,94,6.17,RU,1707456732
555,khorugh,37.4897,71.553,-10.02,69,93,0.57,TJ,1707456732
556,kuressaare,58.2481,22.5039,-10.55,98,75,2.57,EE,1707456732
557,hafar al-batin,28.4328,45.9708,12.32,37,0,2.57,SA,1707456733
558,carbonear,47.7332,-53.2148,-0.42,95,97,6.37,CA,1707456733
559,wynyard,-41.0,145.7167,21.67,49,57,6.33,AU,1707456733
560,hovd,48.0056,91.6419,-11.02,65,68,1.33,MN,1707456733
561,concordia,-31.393,-58.0209,29.32,65,53,2.24,AR,1707456602
562,tayoltita,24.0833,-105.9333,13.37,80,94,2.07,MX,1707456733
563,naze,28.3667,129.4833,14.51,65,100,6.27,JP,1707456733
564,huaibei,33.9744,116.7917,8.92,60,8,5.67,CN,1707456733
565,norderney,53.7,7.15,2.21,97,100,12.67,DE,1707456733
566,sittwe,20.15,92.9,26.04,35,1,5.13,MM,1707456734
567,uray,60.1247,64.7758,-10.07,93,100,4.92,RU,1707456734
568,waingapu,-9.6567,120.2641,29.23,73,60,1.88,ID,1707456734
569,miyaly,48.8844,53.7836,-0.53,98,100,6.09,KZ,1707456734
570,mitsamiouli,-11.3847,43.2844,28.32,79,100,4.53,KM,1707456734
571,hotan,37.0997,79.9269,3.69,37,23,1.34,CN,1707456735
572,nha trang,12.25,109.1833,30.0,69,26,5.91,VN,1707456735
573,gisborne,-38.6533,178.0042,18.18,83,100,3.21,NZ,1707456735
